PassengerID,NumberOfFlights,firstName,lastName,
2068,32,Yolande,Pete
1677,27,Katherina,Vasiliki
4827,27,Jaime,Renay
3173,26,Sunshine,Scott
8961,26,Ginny,Clara
2857,25,Son,Ginette
288,25,Pamila,Mavis
5867,25,Luise,Raymond
5096,25,Blythe,Hyon
6084,25,Cole,Sharyl
8363,25,Branda,Kimiko
917,25,Anisha,Alaine
760,25,Vernia,Mui
2441,24,Kayla,Rufus
5668,24,Gladis,Earlene
3367,24,Priscilla,Corie
1343,24,Bennett,Staci
1240,24,Catherine,Missy
1673,23,Jeanie,Gladis
4056,23,Dagmar,Marilee
1337,23,Kirby,Melvin
281,23,Sage,Fernanda
366,23,Carman,Meghan
2717,23,Shannon,Marlyn
211,23,Lori,Jeremiah
8353,23,Davis,Williams
3405,23,Johna,Ollie
613,23,Palmer,Yuonne
2251,23,Gussie,Temple
3093,23,Theda,Rodrick
9441,23,Annalisa,Luanna
8411,23,Juliann,Cheryll
3590,23,Isiah,Tyler
1598,23,Amelia,Betsey
7643,23,Albina,Joni
5332,23,Bobette,Laurice
258,22,Emmaline,Marcelle
392,22,Cory,Ebonie
350,22,Annemarie,Nilsa
2939,22,Jaleesa,Clement
739,22,Sadye,Rhea
167,22,Mona,Kassandra
2437,22,Charlyn,Wynona
6447,22,Brigitte,Jodie
1413,22,Carlee,Timmy
9252,22,Angella,Margret
391,22,Carolynn,Enola
798,22,Ramiro,Terisa
5423,22,Sirena,Nigel
3180,22,Yvette,Peter
1769,22,Lisha,Delmer
5490,22,Toni,Winnifred
4034,22,Thalia,Maurice
4611,22,Cristi,Eugenia
7162,22,Alfonso,Dinah
3078,22,Laquita,Kate
1651,21,Alex,Annabelle
3112,21,Madie,Winona
9540,21,Rhoda,Gavin
1581,21,Marx,Artie
763,21,Will,Chanelle
4632,21,Jacklyn,Christia
5560,21,Lang,Johnie
905,21,Terrie,Gisela
3332,21,Kiara,Donnie
4502,21,Thea,Yolando
2516,21,Tamar,Claretta
435,21,Tiffani,Frances
398,21,Mario,Trinh
4249,21,Chi,Valeri
437,21,Kelli,Roger
5416,21,Chin,Claretta
6777,21,Tamara,Terresa
1464,21,Margherita,Arica
848,21,Marya,Eliana
1982,21,Izetta,Marjorie
364,21,Donya,Stephan
2254,21,Angelina,Gracia
6060,21,Delisa,Elisha
5007,21,Laticia,Katherine
2185,21,Rae,Chas
4552,21,Mayme,Luvenia
2926,21,Vicky,Patrica
4399,21,Kevin,Nicole
7327,20,Cyndi,Lillian
1818,20,Marlon,Towanda
2734,20,Otha,Genoveva
2964,20,Gus,Marvin
3309,20,Ellen,Trang
157,20,Eldon,Kareen
4483,20,Vilma,Yuk
7832,20,Wendi,Muoi
4200,20,Albert,Robby
2975,20,Val,Evelynn
8590,20,Young,Kristin
7662,20,Kayce,Dorethea
1029,20,Donita,Katrina
3937,20,Palmer,Marisela
368,20,Bart,Naomi
9822,20,Carl,Ima
